AgencyID,Name,Street,PostalCode,City,CountryCode_code,PhoneNumber,EMailAddress,WebAddress
TravelAgency-13709027,Name-13709027,Street-13709027,PostalCode-13709027,City-13709027,904,PhoneNumber-13709027,EMailAddress-13709027,WebAddress-13709027
TravelAgency-5453100,Name-5453100,Street-5453100,PostalCode-5453100,City-5453100,730,PhoneNumber-5453100,EMailAddress-5453100,WebAddress-5453100
TravelAgency-5453101,Name-5453101,Street-5453101,PostalCode-5453101,City-5453101,730,PhoneNumber-5453101,EMailAddress-5453101,WebAddress-5453101
TravelAgency-5453102,Name-5453102,Street-5453102,PostalCode-5453102,City-5453102,730,PhoneNumber-5453102,EMailAddress-5453102,WebAddress-5453102
TravelAgency-5453103,Name-5453103,Street-5453103,PostalCode-5453103,City-5453103,730,PhoneNumber-5453103,EMailAddress-5453103,WebAddress-5453103
TravelAgency-5453104,Name-5453104,Street-5453104,PostalCode-5453104,City-5453104,730,PhoneNumber-5453104,EMailAddress-5453104,WebAddress-5453104
TravelAgency-5453105,Name-5453105,Street-5453105,PostalCode-5453105,City-5453105,730,PhoneNumber-5453105,EMailAddress-5453105,WebAddress-5453105
TravelAgency-5453106,Name-5453106,Street-5453106,PostalCode-5453106,City-5453106,730,PhoneNumber-5453106,EMailAddress-5453106,WebAddress-5453106
TravelAgency-5453107,Name-5453107,Street-5453107,PostalCode-5453107,City-5453107,730,PhoneNumber-5453107,EMailAddress-5453107,WebAddress-5453107
TravelAgency-5453108,Name-5453108,Street-5453108,PostalCode-5453108,City-5453108,730,PhoneNumber-5453108,EMailAddress-5453108,WebAddress-5453108
TravelAgency-5453109,Name-5453109,Street-5453109,PostalCode-5453109,City-5453109,730,PhoneNumber-5453109,EMailAddress-5453109,WebAddress-5453109
TravelAgency-5453110,Name-5453110,Street-5453110,PostalCode-5453110,City-5453110,730,PhoneNumber-5453110,EMailAddress-5453110,WebAddress-5453110
TravelAgency-5453111,Name-5453111,Street-5453111,PostalCode-5453111,City-5453111,730,PhoneNumber-5453111,EMailAddress-5453111,WebAddress-5453111
TravelAgency-5453112,Name-5453112,Street-5453112,PostalCode-5453112,City-5453112,730,PhoneNumber-5453112,EMailAddress-5453112,WebAddress-5453112
TravelAgency-5453113,Name-5453113,Street-5453113,PostalCode-5453113,City-5453113,730,PhoneNumber-5453113,EMailAddress-5453113,WebAddress-5453113
TravelAgency-5453114,Name-5453114,Street-5453114,PostalCode-5453114,City-5453114,730,PhoneNumber-5453114,EMailAddress-5453114,WebAddress-5453114
TravelAgency-5453115,Name-5453115,Street-5453115,PostalCode-5453115,City-5453115,730,PhoneNumber-5453115,EMailAddress-5453115,WebAddress-5453115
TravelAgency-5453116,Name-5453116,Street-5453116,PostalCode-5453116,City-5453116,730,PhoneNumber-5453116,EMailAddress-5453116,WebAddress-5453116
TravelAgency-5453117,Name-5453117,Street-5453117,PostalCode-5453117,City-5453117,730,PhoneNumber-5453117,EMailAddress-5453117,WebAddress-5453117
TravelAgency-5453118,Name-5453118,Street-5453118,PostalCode-5453118,City-5453118,730,PhoneNumber-5453118,EMailAddress-5453118,WebAddress-5453118
TravelAgency-5453119,Name-5453119,Street-5453119,PostalCode-5453119,City-5453119,730,PhoneNumber-5453119,EMailAddress-5453119,WebAddress-5453119
TravelAgency-5453120,Name-5453120,Street-5453120,PostalCode-5453120,City-5453120,730,PhoneNumber-5453120,EMailAddress-5453120,WebAddress-5453120
TravelAgency-5453121,Name-5453121,Street-5453121,PostalCode-5453121,City-5453121,730,PhoneNumber-5453121,EMailAddress-5453121,WebAddress-5453121
TravelAgency-5453122,Name-5453122,Street-5453122,PostalCode-5453122,City-5453122,730,PhoneNumber-5453122,EMailAddress-5453122,WebAddress-5453122
TravelAgency-5453123,Name-5453123,Street-5453123,PostalCode-5453123,City-5453123,730,PhoneNumber-5453123,EMailAddress-5453123,WebAddress-5453123
TravelAgency-5453124,Name-5453124,Street-5453124,PostalCode-5453124,City-5453124,730,PhoneNumber-5453124,EMailAddress-5453124,WebAddress-5453124
TravelAgency-5453125,Name-5453125,Street-5453125,PostalCode-5453125,City-5453125,730,PhoneNumber-5453125,EMailAddress-5453125,WebAddress-5453125
TravelAgency-5453126,Name-5453126,Street-5453126,PostalCode-5453126,City-5453126,730,PhoneNumber-5453126,EMailAddress-5453126,WebAddress-5453126
TravelAgency-5453127,Name-5453127,Street-5453127,PostalCode-5453127,City-5453127,730,PhoneNumber-5453127,EMailAddress-5453127,WebAddress-5453127
TravelAgency-5453128,Name-5453128,Street-5453128,PostalCode-5453128,City-5453128,730,PhoneNumber-5453128,EMailAddress-5453128,WebAddress-5453128