CustomerID,FirstName,LastName,Title,Street,PostalCode,City,CountryCode_code,PhoneNumber,EMailAddress,createdAt,createdBy,LastChangedAt,LastChangedBy
Passenger-29446921,FirstName-29446921,LastName-29446921,Title-29446921,Street-29446921,PostalCode-29446921,City-29446921,904,PhoneNumber-29446921,EMailAddress-29446921,2011-07-07T00:00:00.000Z,createdBy.hj5e1@example.org,2002-10-26T00:00:00.000Z,LastChangedBy.hj5e1@example.com
Passenger-19333994,FirstName-19333994,LastName-19333994,Title-19333994,Street-19333994,PostalCode-19333994,City-19333994,730,PhoneNumber-19333994,EMailAddress-19333994,2013-08-11T00:00:00.000Z,createdBy.bie7e@example.net,2010-02-16T00:00:00.000Z,LastChangedBy.bie7e@example.org
Passenger-19333995,FirstName-19333995,LastName-19333995,Title-19333995,Street-19333995,PostalCode-19333995,City-19333995,730,PhoneNumber-19333995,EMailAddress-19333995,2009-01-09T00:00:00.000Z,createdBy.bie7f@example.net,2015-11-17T00:00:00.000Z,LastChangedBy.bie7f@example.org
Passenger-19333996,FirstName-19333996,LastName-19333996,Title-19333996,Street-19333996,PostalCode-19333996,City-19333996,730,PhoneNumber-19333996,EMailAddress-19333996,2023-06-03T00:00:00.000Z,createdBy.bie7g@example.com,2004-05-28T00:00:00.000Z,LastChangedBy.bie7g@example.net
Passenger-19333997,FirstName-19333997,LastName-19333997,Title-19333997,Street-19333997,PostalCode-19333997,City-19333997,730,PhoneNumber-19333997,EMailAddress-19333997,2000-05-09T00:00:00.000Z,createdBy.bie7h@example.org,2022-08-24T00:00:00.000Z,LastChangedBy.bie7h@example.net
Passenger-19333998,FirstName-19333998,LastName-19333998,Title-19333998,Street-19333998,PostalCode-19333998,City-19333998,730,PhoneNumber-19333998,EMailAddress-19333998,2015-08-03T00:00:00.000Z,createdBy.bie7i@example.com,2000-06-19T00:00:00.000Z,LastChangedBy.bie7i@example.com
Passenger-19333999,FirstName-19333999,LastName-19333999,Title-19333999,Street-19333999,PostalCode-19333999,City-19333999,730,PhoneNumber-19333999,EMailAddress-19333999,2009-03-23T00:00:00.000Z,createdBy.bie7j@example.net,2002-10-12T00:00:00.000Z,LastChangedBy.bie7j@example.org
Passenger-19334000,FirstName-19334000,LastName-19334000,Title-19334000,Street-19334000,PostalCode-19334000,City-19334000,730,PhoneNumber-19334000,EMailAddress-19334000,2011-09-24T00:00:00.000Z,createdBy.bie7k@example.com,2019-01-31T00:00:00.000Z,LastChangedBy.bie7k@example.net
Passenger-19334001,FirstName-19334001,LastName-19334001,Title-19334001,Street-19334001,PostalCode-19334001,City-19334001,730,PhoneNumber-19334001,EMailAddress-19334001,2015-12-24T00:00:00.000Z,createdBy.bie7l@example.net,2010-06-26T00:00:00.000Z,LastChangedBy.bie7l@example.com
Passenger-19334002,FirstName-19334002,LastName-19334002,Title-19334002,Street-19334002,PostalCode-19334002,City-19334002,730,PhoneNumber-19334002,EMailAddress-19334002,2002-06-24T00:00:00.000Z,createdBy.bie7m@example.net,2008-04-18T00:00:00.000Z,LastChangedBy.bie7m@example.com
Passenger-19334003,FirstName-19334003,LastName-19334003,Title-19334003,Street-19334003,PostalCode-19334003,City-19334003,730,PhoneNumber-19334003,EMailAddress-19334003,2010-01-16T00:00:00.000Z,createdBy.bie7n@example.com,2000-06-05T00:00:00.000Z,LastChangedBy.bie7n@example.org
Passenger-19334004,FirstName-19334004,LastName-19334004,Title-19334004,Street-19334004,PostalCode-19334004,City-19334004,730,PhoneNumber-19334004,EMailAddress-19334004,2013-10-15T00:00:00.000Z,createdBy.bie7o@example.com,2018-01-12T00:00:00.000Z,LastChangedBy.bie7o@example.com
Passenger-19334005,FirstName-19334005,LastName-19334005,Title-19334005,Street-19334005,PostalCode-19334005,City-19334005,730,PhoneNumber-19334005,EMailAddress-19334005,2007-01-04T00:00:00.000Z,createdBy.bie7p@example.org,2021-08-30T00:00:00.000Z,LastChangedBy.bie7p@example.com
Passenger-19334006,FirstName-19334006,LastName-19334006,Title-19334006,Street-19334006,PostalCode-19334006,City-19334006,730,PhoneNumber-19334006,EMailAddress-19334006,2021-10-15T00:00:00.000Z,createdBy.bie7q@example.com,2022-11-23T00:00:00.000Z,LastChangedBy.bie7q@example.com
Passenger-19334007,FirstName-19334007,LastName-19334007,Title-19334007,Street-19334007,PostalCode-19334007,City-19334007,730,PhoneNumber-19334007,EMailAddress-19334007,2003-07-21T00:00:00.000Z,createdBy.bie7r@example.com,2008-09-20T00:00:00.000Z,LastChangedBy.bie7r@example.net
Passenger-19334008,FirstName-19334008,LastName-19334008,Title-19334008,Street-19334008,PostalCode-19334008,City-19334008,730,PhoneNumber-19334008,EMailAddress-19334008,2011-09-21T00:00:00.000Z,createdBy.bie7s@example.net,2023-10-21T00:00:00.000Z,LastChangedBy.bie7s@example.net
Passenger-19334009,FirstName-19334009,LastName-19334009,Title-19334009,Street-19334009,PostalCode-19334009,City-19334009,730,PhoneNumber-19334009,EMailAddress-19334009,2008-08-24T00:00:00.000Z,createdBy.bie7t@example.org,2020-10-14T00:00:00.000Z,LastChangedBy.bie7t@example.com
Passenger-19334010,FirstName-19334010,LastName-19334010,Title-19334010,Street-19334010,PostalCode-19334010,City-19334010,730,PhoneNumber-19334010,EMailAddress-19334010,2007-07-11T00:00:00.000Z,createdBy.bie7u@example.com,2012-11-26T00:00:00.000Z,LastChangedBy.bie7u@example.net
Passenger-19334011,FirstName-19334011,LastName-19334011,Title-19334011,Street-19334011,PostalCode-19334011,City-19334011,730,PhoneNumber-19334011,EMailAddress-19334011,2019-10-16T00:00:00.000Z,createdBy.bie7v@example.net,2022-02-02T00:00:00.000Z,LastChangedBy.bie7v@example.org
Passenger-19334012,FirstName-19334012,LastName-19334012,Title-19334012,Street-19334012,PostalCode-19334012,City-19334012,730,PhoneNumber-19334012,EMailAddress-19334012,2008-11-29T00:00:00.000Z,createdBy.bie7w@example.com,2004-08-18T00:00:00.000Z,LastChangedBy.bie7w@example.net
Passenger-19334013,FirstName-19334013,LastName-19334013,Title-19334013,Street-19334013,PostalCode-19334013,City-19334013,730,PhoneNumber-19334013,EMailAddress-19334013,2014-05-27T00:00:00.000Z,createdBy.bie7x@example.net,2017-01-28T00:00:00.000Z,LastChangedBy.bie7x@example.org
Passenger-19334014,FirstName-19334014,LastName-19334014,Title-19334014,Street-19334014,PostalCode-19334014,City-19334014,730,PhoneNumber-19334014,EMailAddress-19334014,2006-12-14T00:00:00.000Z,createdBy.bie7y@example.org,2011-03-08T00:00:00.000Z,LastChangedBy.bie7y@example.org
Passenger-19334015,FirstName-19334015,LastName-19334015,Title-19334015,Street-19334015,PostalCode-19334015,City-19334015,730,PhoneNumber-19334015,EMailAddress-19334015,2015-09-13T00:00:00.000Z,createdBy.bie7z@example.org,2018-11-24T00:00:00.000Z,LastChangedBy.bie7z@example.net
Passenger-19334016,FirstName-19334016,LastName-19334016,Title-19334016,Street-19334016,PostalCode-19334016,City-19334016,730,PhoneNumber-19334016,EMailAddress-19334016,2023-05-07T00:00:00.000Z,createdBy.bie80@example.org,2014-08-05T00:00:00.000Z,LastChangedBy.bie80@example.org
Passenger-19334017,FirstName-19334017,LastName-19334017,Title-19334017,Street-19334017,PostalCode-19334017,City-19334017,730,PhoneNumber-19334017,EMailAddress-19334017,2012-09-21T00:00:00.000Z,createdBy.bie81@example.org,2001-10-31T00:00:00.000Z,LastChangedBy.bie81@example.com
Passenger-19334018,FirstName-19334018,LastName-19334018,Title-19334018,Street-19334018,PostalCode-19334018,City-19334018,730,PhoneNumber-19334018,EMailAddress-19334018,2011-02-02T00:00:00.000Z,createdBy.bie82@example.org,2000-10-12T00:00:00.000Z,LastChangedBy.bie82@example.com
Passenger-19334019,FirstName-19334019,LastName-19334019,Title-19334019,Street-19334019,PostalCode-19334019,City-19334019,730,PhoneNumber-19334019,EMailAddress-19334019,2018-10-14T00:00:00.000Z,createdBy.bie83@example.org,2021-08-08T00:00:00.000Z,LastChangedBy.bie83@example.net
Passenger-19334020,FirstName-19334020,LastName-19334020,Title-19334020,Street-19334020,PostalCode-19334020,City-19334020,730,PhoneNumber-19334020,EMailAddress-19334020,2016-06-04T00:00:00.000Z,createdBy.bie84@example.com,2015-05-11T00:00:00.000Z,LastChangedBy.bie84@example.com
Passenger-19334021,FirstName-19334021,LastName-19334021,Title-19334021,Street-19334021,PostalCode-19334021,City-19334021,730,PhoneNumber-19334021,EMailAddress-19334021,2010-11-30T00:00:00.000Z,createdBy.bie85@example.net,2006-01-26T00:00:00.000Z,LastChangedBy.bie85@example.org
Passenger-19334022,FirstName-19334022,LastName-19334022,Title-19334022,Street-19334022,PostalCode-19334022,City-19334022,730,PhoneNumber-19334022,EMailAddress-19334022,2010-01-13T00:00:00.000Z,createdBy.bie86@example.org,2011-09-06T00:00:00.000Z,LastChangedBy.bie86@example.com